link,title
/eby/npo/5242768243.html,Community Living Assistant
/eby/npo/5242763486.html,Direct Support Professional: Tri-Valley.
/eby/npo/5242761391.html,Paid while sleeping! Overnight Direct Support Professional
/eby/npo/5242759656.html,On CALL Community Living Assistant
/eby/npo/5242742768.html,Child Care Services Specialist ( Child Health and Nutrition)
/pen/npo/5242714011.html,Sr. Director -- Business Development
/eby/npo/5242699603.html,Senior Certification Assistant
/sfc/npo/5242667441.html,Family Child Care Quality Network Consultant-Temporary
/eby/npo/5242664256.html,Entry Level Organizer: Help CA Weather The Drought! ($14-$16/hr)
/nby/npo/5242644269.html,"Entry Level Direct Support Care Provider, kind heart, good work ethic"
/nby/npo/5242571717.html,"Senior Major Gifts Officer, Marin Agricultural Land Trust"
/sfc/npo/5242546005.html,Bilingual MFT-Part Time
/eby/npo/5242393450.html,✸WORK FOR GREENPEACE✸ $13-$15/hr +Bonus & Benefits
/eby/npo/5242114389.html,Executive Assistant for Progressive Organizations - Full or Part Time
/sfc/npo/5241964281.html,Environmental Policy Outreach Coordinator
/eby/npo/5241853036.html,Office Manager for Prisoners' Rights
/sfc/npo/5241674192.html,Paid Development/Fundraising Assistant or Intern
/pen/npo/5241611277.html,Research and Development Associate
/eby/npo/5241428115.html,Join our winning team of rad activists! PT phone work $13.50/hr
/eby/npo/5240314419.html,Teacher - Art & Science
/eby/npo/5240278829.html,"Therapist (LCSW, LMFT, ASW, MFTi)"
/eby/npo/5240208393.html,**HIRING NOW: JOIN THE CAMPAIGN AND PROTECT OUR WATER!! $10-15/HR**
/scz/npo/5240047880.html,Advancement Associate
/nby/npo/5239989317.html,"Mental Health: part-time Care Manager, Sun-Wed"
/eby/npo/5239891192.html,Veterinary Assistant / Receptionist
/eby/npo/5239873017.html,Registered Veterinary Technician (RVT)
/eby/npo/5239851008.html,Animal Care Specialist (part-time)
/sby/npo/5239478847.html,Director of Programs at Fresh Lifelines for Youth (FLY)
/eby/npo/5239313942.html,BAY AREA CRISIS NURSERY - Childcare Worker
/eby/npo/5239300033.html,Internship - Brothers on the Rise
/eby/npo/5239266720.html,Youth Program Assistant
/eby/npo/5239252978.html,Part-time Mental Health Clinician
/sfc/npo/5239248619.html,Resident Services Coordinator
/sfc/npo/5239245131.html,Employment Specialist / Job Coach for Developmentally Disabled
/sfc/npo/5239244612.html,Resident Services Corrdinator
/nby/npo/5239239787.html,Professional Parent- Foster Care Specialist
/sfc/npo/5239239051.html,Desk Clerk
/nby/npo/5239237207.html,Wraparound Clinician: Community-Based Program Supporting Youth!
/sby/npo/5239235870.html,Youth Counselor - Work with Youth in the Community!
/eby/npo/5239234114.html,Development Director - Support programs for youth and families!
/sfc/npo/5239230338.html,"CASE MANAGER III -- FT and PT Positions (40 /20 hrs) H87, H84, H65/H43"
/sfc/npo/5239230056.html,Community Organizer
/sfc/npo/5239221603.html,Senior Planner
/sfc/npo/5239218874.html,BILINGUAL (SPANISH) CASE MANAGER III -- FT (40 hrs) H85-H73
/nby/npo/5239216288.html,Program Coordinator
/eby/npo/5239214659.html,*Fight Monsanto & Save the Bees! Paid Organizer Positions Available*
/sfc/npo/5239206763.html,Desk Clerk - Ambassador Hotel (Saturday-Sunday 8am-4pm)
/scz/npo/5239202169.html,Substitute Job Coach
/eby/npo/5239179653.html,MDFT Clinical Program Manager
/eby/npo/5239176339.html,Housing Resources Associate
/sfc/npo/5239174288.html,Payroll-Accounting Clerk
/sfc/npo/5239172203.html,Program Assistant - nonprofit
/nby/npo/5239170275.html,Youth Counselor
/sfc/npo/5239167331.html,Shelter Bilingual Case Manager II (Spanish)
/sfc/npo/5239165047.html,First Avenues Bilingual Case Manager (Spanish)
/sfc/npo/5239162078.html,Children's Program Assistant (bilingual preferred)
/eby/npo/5239140680.html,Program Assistant
/eby/npo/5239138690.html,Online Account Executive - Fundraising
/scz/npo/5239137746.html,Residential Youth Care Worker
/nby/npo/5239124903.html,EDD Liaison
/sfc/npo/5239123532.html,Facilities Maintenance Technician-Full time Temp.
/nby/npo/5239112503.html,Licensed Therapist - Part Time
/nby/npo/5239111983.html,Human Resources Administrator
/nby/npo/5239111309.html,Alcohol & Other Drug Treatment - Service Director
/nby/npo/5239110502.html,Certified Substance Abuse Counselors
/nby/npo/5239107472.html,Assistant Program Director
/nby/npo/5239106705.html,Counselor / Case Managers
/sby/npo/5239078880.html,Education Programs/Business Development Director
/sfc/npo/5239070557.html,Assistant Manager (Non Profit Organization)
/sby/npo/5239042284.html,Environmental Internships- Immediate Openings
/pen/npo/5239041950.html,Adult Day Program Activity Leader
/sfc/npo/5239031904.html,Program Clerk - Part Time -Full Benefits
/sfc/npo/5239023723.html,Project Coordinator (1.0 FTE)
/sfc/npo/5239020988.html,Property Manager - Supportive Housing
/sfc/npo/5239016391.html,Paralegal I
/sfc/npo/5239015764.html,Employment Counselor (1.0 FTE)
/sby/npo/5238993775.html,Therapeutic Behavior Coach (TBS)
/eby/npo/5238979488.html,Teacher's Aide (Sub) Wanted
/eby/npo/5238953819.html,Social Service Coordinator Senior Housing
/eby/npo/5238946057.html,Certified Addiction Counselor - Men's Residential Program
/sfc/npo/5238944814.html,Clinical Case Manager
/sfc/npo/5238941997.html,Property Management Assistant - Supportive Housing
/scz/npo/5238941348.html,Mental Health Counselor - CFDP092515
/sfc/npo/5238940003.html,DESK CLERKS ($14.24/hour)
/nby/npo/5238938197.html,Nonprofit Leadership Fellow - Environmental Education
/sfc/npo/5238923855.html,Janitor
/nby/npo/5238911276.html,COUNSELOR...A New Direction Makes A Difference
/eby/npo/5238907999.html,"IMMEDIATE NEED!!! Therapist, Bilingual Preferred (Spanish/English)"
/nby/npo/5238902710.html,Quality Assurance Note Approver - Aldea Children & Family Services
/eby/npo/5238895683.html,Mental Health Counselor - Avalon
/eby/npo/5238883611.html,Community Based Therapist - Aldea Children & Family Services
/nby/npo/5238871030.html,Seasonal Shelter Managers
/pen/npo/5238867577.html,Facilities Coordinator
/eby/npo/5238867219.html,HOUSING COORDINATOR I
/eby/npo/5238865934.html,MENTAL HEALTH PEER SUPPORT - MHRS
/eby/npo/5238863741.html,SUPPORT COUNSELOR
/sfc/npo/5238862647.html,Spanish speaking Family Advocate Case Manager
/eby/npo/5238862339.html,MENTAL HEALTH PEER SUPPORT - MHRS
/sfc/npo/5238819428.html,Director of Development
/nby/npo/5238810772.html,Crisis Counselor I- Entry level position great for psychology student
